"","unitid","year","opeid.x","opeid6","fips.x.x","years_since_entering_repay","cohort_year.x","repay_rate","repay_rate_lowincome","repay_rate_midincome","repay_rate_highincome","repay_rate_dependent","repay_rate_independent","repay_rate_pell","repay_rate_nopell","repay_rate_female","repay_rate_male","repay_rate_firstgen","repay_rate_notfirstgen","repay_count","repay_count_lowincome","repay_count_midincome","repay_count_highincome","repay_count_dependent","repay_count_independent","repay_count_pell","repay_count_nopell","repay_count_female","repay_count_male","repay_count_firstgen","repay_count_notfirstgen","fips.y.x","cohort_year.y","race","sex","completion_rate_150pct","fips.x.y","est_fte","fips.y.y","type_of_aid","number_of_students","percent_of_students","average_amount","fips","opeid.y","inst_name_fsa","loan_type","loan_recipients_unitid","num_loans_disbursed_unitid","num_loans_originated_unitid","value_loans_originated_unitid","value_loan_disbursements_unitid","loan_recipients_opeid","num_loans_disbursed_opeid","num_loans_originated_opeid","value_loans_originated_opeid","value_loan_disbursements_opeid","allocation_flag","combined_flag","other_assoc_opeids","hbcu"
"1",100654,2010,"00100200",1002,1,3,2007,0.357312,0.344214,0.356522,0.452632,0.353604,0.376855,0.342545,0.425532,0.393064,0.322791,0.34881,0.362922,2113,1348,575,190,1776,337,1737,376,1038,1075,840,1273,1,2005,1,99,0.231,1,4604,1,1,1063,0.96,NA,1,"00100200","ALABAMA AGRICULTURAL & MECHANICAL UNIVERSITY",1,3598,7580,4166,13768620,13740317,3598,7580,4166,13768620,13740317,0,0,"","Yes"
"3",100654,2012,"100200",1002,1,5,2007,0.387516,0.377883,0.386218,0.45933,0.383901,0.406504,0.371519,0.462871,0.427706,0.347222,0.393134,0.383903,2307,1474,624,209,1938,369,1903,404,1155,1152,903,1404,1,2007,1,99,0.222,1,3906,1,1,992,0.97,NA,1,"00100200","ALABAMA AGRICULTURAL & MECHANICAL UNIVERSITY",1,NA,NA,NA,NA,NA,NA,NA,NA,NA,NA,0,0,"","Yes"
"5",100663,2010,"00105200",1052,1,3,2007,0.598564,0.515664,0.663627,0.740125,0.610187,0.577243,0.516093,0.716323,0.585721,0.622326,0.585526,0.607143,3064,1596,987,481,1983,1081,1802,1262,1989,1075,1216,1848,1,2005,1,99,0.443,1,9927,1,1,1355,0.88,NA,1,"00105200","UNIVERSITY OF ALABAMA AT BIRMINGHAM",1,5275,9977,5875,21850652,21044358,5275,9977,5875,21850652,21044358,0,0,"","No"
"6",100663,2010,"00105200",1052,1,3,2007,0.598564,0.515664,0.663627,0.740125,0.610187,0.577243,0.516093,0.716323,0.585721,0.622326,0.585526,0.607143,3064,1596,987,481,1983,1081,1802,1262,1989,1075,1216,1848,1,2005,1,99,1,1,9927,1,1,1355,0.88,NA,1,"00105200","UNIVERSITY OF ALABAMA AT BIRMINGHAM",1,5275,9977,5875,21850652,21044358,5275,9977,5875,21850652,21044358,0,0,"","No"
"8",100663,2012,"105200",1052,1,5,2007,0.634405,0.562748,0.69119,0.755218,0.645598,0.613288,0.566866,0.73213,0.621129,0.658843,0.619013,0.644685,3389,1761,1101,527,2215,1174,2004,1385,2196,1193,1357,2032,1,2007,1,99,1,1,9975,1,1,1481,0.9,NA,1,"00105200","UNIVERSITY OF ALABAMA AT BIRMINGHAM",1,NA,NA,NA,NA,NA,NA,NA,NA,NA,NA,0,0,"","No"
"9",100663,2012,"105200",1052,1,5,2007,0.634405,0.562748,0.69119,0.755218,0.645598,0.613288,0.566866,0.73213,0.621129,0.658843,0.619013,0.644685,3389,1761,1101,527,2215,1174,2004,1385,2196,1193,1357,2032,1,2007,1,99,0.527,1,9975,1,1,1481,0.9,NA,1,"00105200","UNIVERSITY OF ALABAMA AT BIRMINGHAM",1,NA,NA,NA,NA,NA,NA,NA,NA,NA,NA,0,0,"","No"
"10",100663,2012,"105200",1052,1,5,2007,0.634405,0.562748,0.69119,0.755218,0.645598,0.613288,0.566866,0.73213,0.621129,0.658843,0.619013,0.644685,3389,1761,1101,527,2215,1174,2004,1385,2196,1193,1357,2032,1,2007,1,99,0.528,1,9975,1,1,1481,0.9,NA,1,"00105200","UNIVERSITY OF ALABAMA AT BIRMINGHAM",1,NA,NA,NA,NA,NA,NA,NA,NA,NA,NA,0,0,"","No"
"11",100690,2010,"02503400",25034,1,3,2007,0.496377,0.487179,-3,-3,-3,-3,0.459184,0.5875,0.463087,0.535433,0.488372,0.503401,276,156,101,19,15,261,196,80,149,127,129,147,1,2005,1,99,0.25,1,331,1,1,4,1,NA,1,"02503400","AMRIDGE UNIVERSITY",1,331,641,336,1133653,1127705,331,641,336,1133653,1127705,0,0,"","No"
"13",100690,2012,"2503400",25034,1,5,2007,0.549153,0.541667,-3,-3,-3,-3,0.535211,0.585366,0.521739,0.58209,0.514706,0.578616,295,168,108,19,15,280,213,82,161,134,136,159,1,2007,1,99,0.5,1,294,1,1,10,1,NA,1,"02503400","AMRIDGE UNIVERSITY",1,NA,NA,NA,NA,NA,NA,NA,NA,NA,NA,0,0,"","No"
"15",100706,2010,"00105500",1055,1,3,2007,0.61843,0.518006,0.674897,0.793774,0.686927,0.517707,0.528281,0.755594,0.58655,0.6571,0.585687,0.637045,1465,722,486,257,872,593,884,581,803,662,531,934,1,2005,1,99,0.456,1,5211,1,1,550,0.92,NA,1,"00105500","UNIVERSITY OF ALABAMA IN HUNTSVILLE",1,2641,4943,2987,10583915,10578097,2641,4943,2987,10583915,10578097,0,0,"","No"
"17",100706,2012,"105500",1055,1,5,2007,0.633416,0.532911,0.717514,0.756184,0.689906,0.548989,0.550308,0.761905,0.60791,0.664812,0.594872,0.655545,1604,790,531,283,961,643,974,630,885,719,585,1019,1,2007,1,99,0.466,1,5000,1,1,534,0.87,NA,1,"00105500","UNIVERSITY OF ALABAMA IN HUNTSVILLE",1,NA,NA,NA,NA,NA,NA,NA,NA,NA,NA,0,0,"","No"
"19",100724,2010,"00100500",1005,1,3,2007,0.279599,0.256341,0.325123,0.396947,0.275208,0.301624,0.267206,0.354054,0.3063,0.249175,0.267007,0.290049,2593,1853,609,131,2162,431,2223,370,1381,1212,1176,1417,1,2005,1,99,0.294,1,4929,1,1,1061,0.97,NA,1,"00100500","ALABAMA STATE UNIVERSITY",1,4084,8657,4791,15258912,15254551,4084,8657,4791,15258912,15254551,0,0,"","Yes"
"21",100724,2012,"100500",1005,1,5,2007,0.324123,0.302441,0.371257,0.405405,0.324947,0.320084,0.314899,0.38,0.338939,0.306186,0.311962,0.334197,2823,2007,668,148,2345,478,2423,400,1546,1277,1279,1544,1,2007,1,99,0.083,1,5025,1,1,1335,0.93,NA,1,"00100500","ALABAMA STATE UNIVERSITY",1,NA,NA,NA,NA,NA,NA,NA,NA,NA,NA,0,0,"","Yes"
"23",100751,2010,"00105100",1051,1,3,2007,0.656691,0.552671,0.684299,0.771368,0.687257,0.521807,0.5825,0.757288,0.655954,0.657578,0.620601,0.674892,3475,1348,1191,936,2833,642,2000,1475,1898,1577,1165,2310,1,2005,1,99,0.667,1,23883,1,1,4190,0.76,NA,1,"00105100","UNIVERSITY OF ALABAMA",1,8720,16307,9920,34688456,34508928,8720,16307,9920,34688456,34508930,0,0,"","No"
"25",100751,2012,"105100",1051,1,5,2007,0.687598,0.582938,0.715694,0.800384,0.71908,0.54866,0.618457,0.778313,0.685457,0.690214,0.664848,0.699022,3838,1477,1319,1042,3129,709,2178,1660,2111,1727,1283,2555,1,2007,1,99,0.674,1,27148,1,1,4738,0.75,NA,1,"00105100","UNIVERSITY OF ALABAMA",1,NA,NA,NA,NA,NA,NA,NA,NA,NA,NA,0,0,"","No"
"27",100760,2010,"00100700",1007,1,3,2007,0.409814,0.342912,0.543478,0.625,0.512915,0.351967,0.354167,0.589888,0.396552,0.454023,0.40249,0.422794,754,522,184,48,271,483,576,178,580,174,482,272,1,2008,1,99,0.247,1,2095,1,1,552,0.93,NA,1,"00100700","CENTRAL ALABAMA COMMUNITY COLLEGE",1,908,1942,1012,3184659,3057513,908,1942,1012,3184659,3057513,0,0,"","No"
"28",100760,2012,"100700",1007,1,5,2007,0.435631,0.365854,0.57672,0.659574,0.518382,0.390342,0.385274,0.594595,0.430976,0.451429,0.427711,0.450185,769,533,189,47,272,497,584,185,594,175,498,271,1,2010,1,99,0.113,1,1489,1,1,452,0.51,NA,1,"00100700","CENTRAL ALABAMA COMMUNITY COLLEGE",1,NA,NA,NA,NA,NA,NA,NA,NA,NA,NA,0,0,"","No"
"29",100830,2010,"00831000",8310,1,3,2007,0.529625,0.447368,0.630832,0.710983,0.544732,0.506173,0.468895,0.642981,0.521164,0.548077,0.518732,0.5375,1654,988,493,173,1006,648,1077,577,1134,520,694,960,1,2005,1,99,0.413,1,4073,1,1,479,0.63,NA,1,"00831000","AUBURN UNIVERSITY MONTGOMERY",1,2726,5628,3077,9612241,9609390,2726,5628,3077,9612241,9609390,0,0,"","No"
"31",100830,2012,"831000",8310,1,5,2007,0.54738,0.465993,0.640684,0.766667,0.573407,0.507736,0.48692,0.665025,0.531727,0.582878,0.530997,0.558935,1794,1088,526,180,1083,711,1185,609,1245,549,742,1052,1,2007,1,99,0.302,1,3571,1,1,534,0.9,NA,1,"00831000","AUBURN UNIVERSITY MONTGOMERY",1,NA,NA,NA,NA,NA,NA,NA,NA,NA,NA,0,0,"","No"
"33",100858,2010,"00100900",1009,1,3,2007,0.790281,0.682218,0.802172,0.865777,0.796258,0.742389,0.703827,0.866504,0.786903,0.793451,0.745816,0.804979,3848,1136,1289,1423,3421,427,1803,2045,1863,1985,956,2892,1,2005,1,99,0.697,1,19659,1,1,3247,0.78,NA,1,"00100900","AUBURN UNIVERSITY",1,6114,11449,6733,25403914,25390550,6114,11449,6733,25403914,25390550,0,0,"","No"
"35",100858,2012,"100900",1009,1,5,2007,0.811785,0.712766,0.828967,0.876241,0.818857,0.75693,0.733676,0.882054,0.81134,0.812204,0.781587,0.821776,4107,1222,1374,1511,3638,469,1945,2162,1993,2114,1021,3086,1,2007,1,99,0.711,1,19635,1,1,2881,0.76,NA,1,"00100900","AUBURN UNIVERSITY",1,NA,NA,NA,NA,NA,NA,NA,NA,NA,NA,0,0,"","No"
"37",100937,2010,"00101200",1012,1,3,2007,0.744493,0.612245,0.759494,0.79798,-3,-3,0.651685,0.804348,0.693333,0.844156,-3,-3,227,49,79,99,217,10,89,138,150,77,45,182,1,2005,1,99,0.637,1,1832,1,1,369,1,NA,1,"00101200","BIRMINGHAM SOUTHERN COLLEGE",1,536,1030,547,2273640,2269678,536,1030,547,2273640,2269678,0,0,"","No"
"39",100937,2012,"101200",1012,1,5,2007,0.797619,0.648148,0.790123,0.871795,-3,-3,0.705263,0.853503,0.75625,0.869565,-3,-3,252,54,81,117,240,12,95,157,160,92,53,199,1,2007,1,99,0.644,1,1331,1,1,319,0.98,NA,1,"00101200","BIRMINGHAM-SOUTHERN COLLEGE",1,NA,NA,NA,NA,NA,NA,NA,NA,NA,NA,0,0,"","No"
"41",101028,2012,"1218200",12182,1,5,2007,0.351297,0.283465,-3,-3,0.385057,0.333333,0.300733,0.576087,0.319767,0.420382,0.339552,0.364807,501,381,105,15,174,327,409,92,344,157,268,233,1,2010,1,99,0.204,1,1431,1,1,341,0.94,NA,1,"01218200","CHATTAHOOCHEE VALLEY COMMUNITY COLLEGE",1,NA,NA,NA,NA,NA,NA,NA,NA,NA,NA,0,0,"","No"
"42",101143,2010,"00101500",1015,1,3,2007,0.559172,0.454545,-3,-3,0.625668,0.476821,0.469767,0.715447,0.478528,0.634286,0.496933,0.617143,338,187,124,27,187,151,215,123,163,175,163,175,1,2008,1,99,0.468,1,2779,1,1,452,0.87,NA,1,"00101500","ENTERPRISE STATE COMMUNITY COLLEGE",1,656,1302,724,2030586,1935638,656,1302,724,2030586,1935638,0,0,"","No"
"43",101143,2012,"101500",1015,1,5,2007,0.60452,0.494898,-3,-3,0.665,0.525974,0.528384,0.744,0.529762,0.672043,0.552941,0.652174,354,196,130,28,200,154,229,125,168,186,170,184,1,2010,1,99,0.134,1,2101,1,1,266,0.91,NA,1,"00101500","ENTERPRISE STATE COMMUNITY COLLEGE",1,NA,NA,NA,NA,NA,NA,NA,NA,NA,NA,0,0,"","No"
"44",101161,2010,"00106000",1060,1,3,2007,0.475238,0.361868,0.555831,0.669173,0.480061,0.467337,0.38872,0.619289,0.468208,0.488827,0.455268,0.493601,1050,514,403,133,652,398,656,394,692,358,503,547,1,2008,1,99,0.14,1,4032,1,1,892,0.86,NA,1,"00106000","JAMES H. FAULKNER STATE COMMUNITY COLLEGE",1,1371,2472,1487,3781831,3425693,1371,2472,1487,3781831,3425693,0,0,"","No"
"45",101161,2012,"106000",1060,1,5,2007,0.498188,0.391144,0.582547,0.65942,0.513196,0.473934,0.417391,0.63285,0.483696,0.527174,0.475564,0.519231,1104,542,424,138,682,422,690,414,736,368,532,572,1,2010,1,99,0.093,1,3703,1,1,854,0.88,NA,1,"00106000","JAMES H. FAULKNER STATE COMMUNITY COLLEGE",1,NA,NA,NA,NA,NA,NA,NA,NA,NA,NA,0,0,"","No"
"46",101189,2010,"00100300",1003,1,3,2007,0.464219,0.355304,0.6,0.728477,0.593148,0.411404,0.384071,0.654088,0.429224,0.539063,0.455791,0.472637,1607,971,485,151,467,1140,1130,477,1095,512,803,804,1,2005,1,99,0.341,1,2837,1,1,210,1,NA,1,"00100300","FAULKNER UNIVERSITY",1,2097,5880,3600,9746420,9672485,2097,5880,3600,9746420,9672485,0,0,"","No"
"48",101189,2012,"100300",1003,1,5,2007,0.501176,0.396518,0.623274,0.792453,0.636179,0.446192,0.432749,0.664016,0.463918,0.58209,0.49409,0.508197,1700,1034,507,159,492,1208,1197,503,1164,536,846,854,1,2007,1,99,0.249,1,2658,1,1,320,0.99,NA,1,"00100300","FAULKNER UNIVERSITY",1,NA,NA,NA,NA,NA,NA,NA,NA,NA,NA,0,0,"","No"
"50",101295,2010,"00787100",7871,1,3,2007,0.523376,0.439591,0.657676,0.808989,0.628849,0.460194,0.434959,0.784173,0.519492,0.533191,0.510703,0.542042,1647,1076,482,89,617,1030,1230,417,1180,467,981,666,1,2008,1,99,0.21,1,5624,1,1,933,0.86,NA,1,"00787100","GEORGE C. WALLACE STATE COMMUNITY COLLEGE",1,2794,5417,3094,9237209,8825398,2794,5417,3094,9237209,8825398,0,0,"","No"
"51",101295,2012,"787100",7871,1,5,2007,0.523726,0.440433,0.651485,0.819149,0.633694,0.456604,0.442097,0.7669,0.518428,0.537037,0.496094,0.565154,1707,1108,505,94,647,1060,1278,429,1221,486,1024,683,1,2010,1,99,0.204,1,4486,1,1,779,0.82,NA,1,"00787100","GEORGE C. WALLACE STATE COMMUNITY COLLEGE",1,NA,NA,NA,NA,NA,NA,NA,NA,NA,NA,0,0,"","No"
"52",101435,2010,"00101900",1019,1,3,2007,0.643533,0.481818,0.645669,0.8625,0.643443,0.643836,0.512658,0.773585,0.66242,0.625,0.584615,0.684492,317,110,127,80,244,73,158,159,157,160,130,187,1,2005,1,99,0.579,1,1031,1,1,272,1,NA,1,"00101900","HUNTINGDON COLLEGE",1,698,1301,698,2737783,2705873,698,1301,698,2737783,2705873,0,0,"","No"
"54",101435,2012,"101900",1019,1,5,2007,0.663889,0.544715,0.687075,0.788889,0.664234,0.662791,0.562162,0.771429,0.691011,0.637363,0.636364,0.682028,360,123,147,90,274,86,185,175,178,182,143,217,1,2007,1,99,0.428,1,1078,1,1,276,1,NA,1,"00101900","HUNTINGDON COLLEGE",1,NA,NA,NA,NA,NA,NA,NA,NA,NA,NA,0,0,"","No"
"56",101453,2010,"02199700",21997,1,3,2007,0.566038,0.485714,-3,-3,-3,-3,-3,-3,-3,-3,0.645161,0.454545,53,35,-3,-3,14,39,40,13,11,42,31,22,1,2005,1,99,NA,1,36,1,1,3,1,NA,1,"02199700","HERITAGE CHRISTIAN UNIVERSITY",1,37,113,59,134281,130281,37,113,59,134281,130281,0,0,"","No"
"59",101453,2012,"2199700",21997,1,5,2007,0.538462,0.441176,-3,-3,-3,-3,-3,-3,-3,-3,-3,-3,52,34,-3,-3,15,37,39,13,10,42,34,18,1,2007,1,99,NA,1,43,1,1,2,1,NA,1,"02199700","HERITAGE CHRISTIAN UNIVERSITY",1,NA,NA,NA,NA,NA,NA,NA,NA,NA,NA,0,0,"","No"
"61",101480,2010,"00102000",1020,1,3,2007,0.54179,0.460114,0.613208,0.676301,0.554939,0.515521,0.487318,0.6604,0.551617,0.527372,0.556951,0.529801,2704,1404,954,346,1802,902,1853,851,1608,1096,1194,1510,1,2005,1,99,0.36,1,7180,1,1,1111,0.89,NA,1,"00102000","JACKSONVILLE STATE UNIVERSITY",1,4492,8127,4948,18150656,18123380,4492,8127,4948,18150655,18123379,0,0,"","No"
"63",101480,2012,"102000",1020,1,5,2007,0.565172,0.485034,0.636899,0.687671,0.581053,0.533543,0.511509,0.681869,0.572183,0.554783,0.577566,0.555416,2854,1470,1019,365,1900,954,1955,899,1704,1150,1257,1597,1,2007,1,99,0.351,1,6856,1,1,1205,0.93,NA,1,"00102000","JACKSONVILLE STATE UNIVERSITY",1,NA,NA,NA,NA,NA,NA,NA,NA,NA,NA,0,0,"","No"
"65",101505,2010,"00102200",1022,1,3,2007,0.5204,0.423841,0.592511,0.699301,0.592453,0.463487,0.431535,0.654812,0.509759,0.548485,0.504026,0.537931,1201,604,454,143,530,671,723,478,871,330,621,580,1,2008,1,99,0.127,1,6860,1,1,1007,0.77,NA,1,"00102200","JEFFERSON STATE COMMUNITY COLLEGE",1,2193,3887,2384,6422211,6399592,2193,3887,2384,6422211,6399592,0,0,"","No"
"66",101505,2012,"102200",1022,1,5,2007,0.54893,0.456325,0.613497,0.741935,0.62963,0.487179,0.467762,0.673114,0.537095,0.581197,0.530191,0.569157,1308,664,489,155,567,741,791,517,957,351,679,629,1,2010,1,99,0.066,1,6041,1,1,872,0.82,NA,1,"00102200","JEFFERSON STATE COMMUNITY COLLEGE",1,NA,NA,NA,NA,NA,NA,NA,NA,NA,NA,0,0,"","No"
"67",101514,2010,"00101300",1013,1,3,2007,0.507977,0.410348,0.630915,0.675532,0.578638,0.452796,0.4397,0.657895,0.501497,0.522241,0.496625,0.520971,1943,1121,634,188,852,1091,1335,608,1336,607,1037,906,1,2008,1,99,0.125,1,8814,1,1,1074,0.75,NA,1,"00101300","CALHOUN COMMUNITY COLLEGE",1,2295,3884,2295,6779838,6666921,2295,3884,2295,6779838,6666921,0,0,"","No"
"68",101514,2012,"101300",1013,1,5,2007,0.534688,0.442424,0.651057,0.681592,0.602436,0.479821,0.478514,0.654264,0.536865,0.529791,0.527002,0.543432,2018,1155,662,201,903,1115,1373,645,1397,621,1074,944,1,2010,1,99,0.147,1,7911,1,1,1089,0.79,NA,1,"00101300","CALHOUN COMMUNITY COLLEGE",1,NA,NA,NA,NA,NA,NA,NA,NA,NA,NA,0,0,"","No"
"69",101541,2010,"00102300",1023,1,3,2007,0.571429,0.492537,-3,-3,0.625,0.44186,0.552083,0.607843,-3,-3,0.4375,0.674699,147,67,59,21,104,43,96,51,-3,-3,64,83,1,2005,1,99,0.387,1,309,1,1,93,1,NA,1,"00102300","JUDSON COLLEGE",1,185,344,206,701465,692540,185,344,206,701465,692540,0,0,"","No"
"71",101541,2012,"102300",1023,1,5,2007,0.593103,0.492063,-3,-3,0.619048,0.525,0.577778,0.618182,-3,-3,0.491803,0.666667,145,63,61,21,105,40,90,55,-3,-3,61,84,1,2007,1,99,0.453,1,343,1,1,77,1,NA,1,"00102300","JUDSON COLLEGE",1,NA,NA,NA,NA,NA,NA,NA,NA,NA,NA,0,0,"","No"
"73",101587,2010,"00102400",1024,1,3,2007,0.491156,0.399527,0.586777,0.714286,0.5,0.466667,0.447566,0.606965,0.5175,0.459701,0.436261,0.541885,735,423,242,70,540,195,534,201,400,335,353,382,1,2005,1,99,0.279,1,1698,1,1,272,0.96,NA,1,"00102400","UNIVERSITY OF WEST ALABAMA",1,1476,2991,1476,5396677,5396744,1476,2991,1476,5396677,5396744,0,0,"","No"
"74",101587,2010,"00102400",1024,1,3,2007,0.491156,0.399527,0.586777,0.714286,0.5,0.466667,0.447566,0.606965,0.5175,0.459701,0.436261,0.541885,735,423,242,70,540,195,534,201,400,335,353,382,1,2005,1,99,0.438,1,1698,1,1,272,0.96,NA,1,"00102400","UNIVERSITY OF WEST ALABAMA",1,1476,2991,1476,5396677,5396744,1476,2991,1476,5396677,5396744,0,0,"","No"
"75",101587,2010,"00102400",1024,1,3,2007,0.491156,0.399527,0.586777,0.714286,0.5,0.466667,0.447566,0.606965,0.5175,0.459701,0.436261,0.541885,735,423,242,70,540,195,534,201,400,335,353,382,1,2005,1,99,0.291,1,1698,1,1,272,0.96,NA,1,"00102400","UNIVERSITY OF WEST ALABAMA",1,1476,2991,1476,5396677,5396744,1476,2991,1476,5396677,5396744,0,0,"","No"
"76",101587,2012,"102400",1024,1,5,2007,0.530818,0.434409,0.651163,0.722222,0.550523,0.479638,0.480409,0.673077,0.531674,0.529745,0.489637,0.569682,795,465,258,72,574,221,587,208,442,353,386,409,1,2007,1,99,0.6,1,1744,1,1,344,0.95,NA,1,"00102400","UNIVERSITY OF WEST ALABAMA",1,NA,NA,NA,NA,NA,NA,NA,NA,NA,NA,0,0,"","No"
"77",101587,2012,"102400",1024,1,5,2007,0.530818,0.434409,0.651163,0.722222,0.550523,0.479638,0.480409,0.673077,0.531674,0.529745,0.489637,0.569682,795,465,258,72,574,221,587,208,442,353,386,409,1,2007,1,99,0.331,1,1744,1,1,344,0.95,NA,1,"00102400","UNIVERSITY OF WEST ALABAMA",1,NA,NA,NA,NA,NA,NA,NA,NA,NA,NA,0,0,"","No"
"78",101587,2012,"102400",1024,1,5,2007,0.530818,0.434409,0.651163,0.722222,0.550523,0.479638,0.480409,0.673077,0.531674,0.529745,0.489637,0.569682,795,465,258,72,574,221,587,208,442,353,386,409,1,2007,1,99,0.289,1,1744,1,1,344,0.95,NA,1,"00102400","UNIVERSITY OF WEST ALABAMA",1,NA,NA,NA,NA,NA,NA,NA,NA,NA,NA,0,0,"","No"
"79",101648,2010,"00102600",1026,1,3,2007,0.518072,-3,0.5,-3,-3,-3,0.408163,0.676471,-3,-3,0.458333,0.542373,83,33,34,16,-3,-3,49,34,15,68,24,59,1,2008,1,99,0.264,1,457,1,1,219,0.95,NA,1,"00102600","MARION MILITARY INSTITUTE",1,159,285,159,433526,387741,159,285,159,433526,387741,0,0,"","No"
"80",101648,2012,"102600",1026,1,5,2007,0.535714,-3,0.486486,-3,-3,-3,0.48,0.617647,-3,-3,0.44,0.576271,84,32,37,15,-3,-3,50,34,15,69,25,59,1,2010,1,99,0.233,1,422,1,1,236,0.97,NA,1,"00102600","MARION MILITARY INSTITUTE",1,NA,NA,NA,NA,NA,NA,NA,NA,NA,NA,0,0,"","No"
"81",101675,2010,"00102800",1028,1,3,2007,0.183494,0.161572,0.22028,0.391304,0.17484,0.209677,0.175455,0.243243,0.21746,0.148867,0.188867,0.179866,1248,916,286,46,938,310,1100,148,630,618,503,745,1,2005,1,99,0,1,1724,1,1,338,0.99,NA,1,"00102800","MILES COLLEGE",1,1626,3465,1847,6350272,6006698,1626,3465,1847,6350272,6006698,0,0,"","Yes"
"83",101675,2012,"102800",1028,1,5,2007,0.214815,0.200599,0.245791,0.313725,0.200197,0.258929,0.206056,0.279503,0.254731,0.173454,0.225865,0.207241,1350,1002,297,51,1014,336,1189,161,687,663,549,801,1,2007,1,99,0.5,1,1681,1,1,436,0.99,NA,1,"00102800","MILES COLLEGE",1,NA,NA,NA,NA,NA,NA,NA,NA,NA,NA,0,0,"","Yes"
"85",101693,2010,"00102900",1029,1,3,2007,0.564829,0.459384,0.633484,0.806452,0.672897,0.465714,0.479358,0.723404,0.553498,0.594595,0.543408,0.583333,671,357,221,93,321,350,436,235,486,185,311,360,1,2005,1,99,0.475,1,1343,1,1,230,0.99,NA,1,"00102900","UNIVERSITY OF MOBILE",1,1088,2191,1160,4352343,4343817,1088,2191,1160,4352343,4343817,0,0,"","No"
"86",101693,2010,"00102900",1029,1,3,2007,0.564829,0.459384,0.633484,0.806452,0.672897,0.465714,0.479358,0.723404,0.553498,0.594595,0.543408,0.583333,671,357,221,93,321,350,436,235,486,185,311,360,1,2005,1,99,NA,1,1343,1,1,230,0.99,NA,1,"00102900","UNIVERSITY OF MOBILE",1,1088,2191,1160,4352343,4343817,1088,2191,1160,4352343,4343817,0,0,"","No"
"87",101693,2010,"00102900",1029,1,3,2007,0.564829,0.459384,0.633484,0.806452,0.672897,0.465714,0.479358,0.723404,0.553498,0.594595,0.543408,0.583333,671,357,221,93,321,350,436,235,486,185,311,360,1,2005,1,99,0.477,1,1343,1,1,230,0.99,NA,1,"00102900","UNIVERSITY OF MOBILE",1,1088,2191,1160,4352343,4343817,1088,2191,1160,4352343,4343817,0,0,"","No"
"88",101693,2012,"102900",1029,1,5,2007,0.599179,0.484772,0.693277,0.828283,0.730659,0.479058,0.505263,0.773438,0.583019,0.641791,0.574018,0.62,731,394,238,99,349,382,475,256,530,201,331,400,1,2007,1,99,NA,1,1341,1,1,210,0.93,NA,1,"00102900","UNIVERSITY OF MOBILE",1,NA,NA,NA,NA,NA,NA,NA,NA,NA,NA,0,0,"","No"
"89",101693,2012,"102900",1029,1,5,2007,0.599179,0.484772,0.693277,0.828283,0.730659,0.479058,0.505263,0.773438,0.583019,0.641791,0.574018,0.62,731,394,238,99,349,382,475,256,530,201,331,400,1,2007,1,99,0.545,1,1341,1,1,210,0.93,NA,1,"00102900","UNIVERSITY OF MOBILE",1,NA,NA,NA,NA,NA,NA,NA,NA,NA,NA,0,0,"","No"
"91",101709,2010,"00100400",1004,1,3,2007,0.673569,0.571429,0.727869,0.757732,0.685575,0.637255,0.584783,0.786704,0.709324,0.60219,0.692568,0.662857,821,322,305,194,617,204,460,361,547,274,296,525,1,2005,1,99,0.457,1,2415,1,1,345,0.81,NA,1,"00100400","UNIVERSITY OF MONTEVALLO",1,1230,2554,1387,4849484,4846397,1230,2554,1387,4849484,4846397,0,0,"","No"
"93",101709,2012,"100400",1004,1,5,2007,0.70316,0.582609,0.756757,0.817308,0.728889,0.620853,0.617108,0.810127,0.722222,0.664384,0.683386,0.714286,886,345,333,208,675,211,491,395,594,292,319,567,1,2007,1,99,0.458,1,2455,1,1,472,0.88,NA,1,"00100400","UNIVERSITY OF MONTEVALLO",1,NA,NA,NA,NA,NA,NA,NA,NA,NA,NA,0,0,"","No"
"95",101736,2010,"00569700",5697,1,3,2007,0.500494,0.412844,0.652318,0.701754,0.584388,0.426716,0.443122,0.669261,0.497093,0.507692,0.480438,0.534759,1013,654,302,57,474,539,756,257,688,325,639,374,1,2008,1,99,0.121,1,3360,1,1,777,0.93,NA,1,"00569700","NORTHWEST - SHOALS COMMUNITY COLLEGE",1,1210,2389,1316,3341634,3323276,1210,2389,1316,3341634,3323276,0,0,"","No"
"96",101736,2012,"569700",5697,1,5,2007,0.507878,0.422695,0.659236,0.716667,0.575639,0.447368,0.446756,0.698473,0.502024,0.52071,0.489766,0.539241,1079,705,314,60,509,570,817,262,741,338,684,395,1,2010,1,99,0.129,1,2702,1,1,652,0.9,NA,1,"00569700","NORTHWEST - SHOALS COMMUNITY COLLEGE",1,NA,NA,NA,NA,NA,NA,NA,NA,NA,NA,0,0,"","No"
"97",101879,2010,"00101600",1016,1,3,2007,0.648683,0.561662,0.725424,0.724806,0.665796,0.604494,0.592742,0.740864,0.662624,0.630277,0.638814,0.657277,1594,746,590,258,1149,445,992,602,907,687,742,852,1,2005,1,99,0.32,1,5435,1,1,748,0.78,NA,1,"00101600","UNIVERSITY OF NORTH ALABAMA",1,2515,4933,2774,9309207,9263149,2515,4933,2774,9309207,9263149,0,0,"","No"
"99",101879,2012,"101600",1016,1,5,2007,0.666667,0.58,0.72973,0.776952,0.685366,0.617521,0.622411,0.740566,0.683557,0.644323,0.651282,0.679739,1698,800,629,269,1230,468,1062,636,967,731,780,918,1,2007,1,99,0.381,1,5292,1,1,871,0.82,NA,1,"00101600","UNIVERSITY OF NORTH ALABAMA",1,NA,NA,NA,NA,NA,NA,NA,NA,NA,NA,0,0,"","No"
"101",101897,2010,"00103100",1031,1,3,2007,0.533865,0.471519,-3,-3,0.654545,0.474777,0.48329,0.707965,0.509284,0.608,0.547112,0.508671,502,316,165,21,165,337,389,113,377,125,329,173,1,2008,1,99,0.238,1,2903,1,1,628,0.94,NA,1,"00103100","NORTHEAST ALABAMA COMMUNITY COLLEGE",1,444,1062,553,1160722,1083194,444,1062,553,1160722,1083194,0,0,"","No"
"102",101897,2012,"103100",1031,1,5,2007,0.573643,0.506061,-3,-3,0.708333,0.508621,0.533499,0.716814,0.545692,0.654135,0.585294,0.551136,516,330,165,21,168,348,403,113,383,133,340,176,1,2010,1,99,0.243,1,2409,1,1,562,0.93,NA,1,"00103100","NORTHEAST ALABAMA COMMUNITY COLLEGE",1,NA,NA,NA,NA,NA,NA,NA,NA,NA,NA,0,0,"","No"
"103",101912,2010,"00103300",1033,1,3,2007,0.358643,0.277778,0.352381,0.561983,0.352475,0.385965,0.305046,0.486339,0.388235,0.322581,0.316901,0.371069,619,288,210,121,505,114,436,183,340,279,142,477,1,2005,1,99,NA,1,1802,1,1,455,1,NA,1,"00103300","OAKWOOD UNIVERSITY",1,1314,2352,1359,5421062,5407662,1314,2352,1359,5421062,5407662,0,0,"","Yes"
"105",101912,2012,"103300",1033,1,5,2007,0.408408,0.372611,0.386957,0.540984,0.408425,0.408333,0.369748,0.505263,0.455285,0.350168,0.39726,0.411538,666,314,230,122,546,120,476,190,369,297,146,520,1,2007,1,99,NA,1,1777,1,1,384,0.94,NA,1,"00103300","OAKWOOD UNIVERSITY",1,NA,NA,NA,NA,NA,NA,NA,NA,NA,NA,0,0,"","Yes"
"108",102049,2010,"00103600",1036,1,3,2007,0.793814,0.639456,0.780374,0.909502,0.841438,0.587156,0.683417,0.851175,0.793651,0.794118,0.653846,0.834071,582,147,214,221,473,109,199,383,378,204,130,452,1,2005,1,99,0.715,1,3105,1,1,689,0.97,NA,1,"00103600","SAMFORD UNIVERSITY",1,916,1754,971,3751169,3721914,916,1754,971,3751169,3721914,0,0,"","No"
"110",102049,2012,"103600",1036,1,5,2007,0.836276,0.701863,0.827273,0.933884,0.879447,0.649573,0.755869,0.878049,0.831658,0.844444,0.759124,0.858025,623,161,220,242,506,117,213,410,398,225,137,486,1,2007,1,99,0.702,1,3100,1,1,688,0.98,NA,1,"00103600","SAMFORD UNIVERSITY",1,NA,NA,NA,NA,NA,NA,NA,NA,NA,NA,0,0,"","No"
"112",102076,2012,"103800",1038,1,5,2007,-3,-3,-3,-3,-3,-3,-3,-3,-3,-3,-3,-3,-3,-3,-3,-3,-3,-3,-3,-3,-3,-3,-3,-3,1,2010,1,99,0.359,1,2023,1,1,625,0.96,NA,1,"00103800","SNEAD STATE COMMUNITY COLLEGE",1,NA,NA,NA,NA,NA,NA,NA,NA,NA,NA,0,0,"","No"
"113",102094,2010,"00105700",1057,1,3,2007,0.534935,0.436137,0.602168,0.756048,0.586434,0.461949,0.461504,0.655022,0.509346,0.582478,0.5086,0.556448,3621,1926,1199,496,2123,1498,2247,1374,2354,1267,1628,1993,1,2005,1,99,0.286,1,10513,1,1,1555,0.91,NA,1,"00105700","UNIVERSITY OF SOUTH ALABAMA",1,5571,9995,6053,22444492,20859186,5571,9995,6053,22444492,20859186,0,0,"","No"
"114",102094,2010,"00105700",1057,1,3,2007,0.534935,0.436137,0.602168,0.756048,0.586434,0.461949,0.461504,0.655022,0.509346,0.582478,0.5086,0.556448,3621,1926,1199,496,2123,1498,2247,1374,2354,1267,1628,1993,1,2005,1,99,0.386,1,10513,1,1,1555,0.91,NA,1,"00105700","UNIVERSITY OF SOUTH ALABAMA",1,5571,9995,6053,22444492,20859186,5571,9995,6053,22444492,20859186,0,0,"","No"
"115",102094,2010,"00105700",1057,1,3,2007,0.534935,0.436137,0.602168,0.756048,0.586434,0.461949,0.461504,0.655022,0.509346,0.582478,0.5086,0.556448,3621,1926,1199,496,2123,1498,2247,1374,2354,1267,1628,1993,1,2005,1,99,0.391,1,10513,1,1,1555,0.91,NA,1,"00105700","UNIVERSITY OF SOUTH ALABAMA",1,5571,9995,6053,22444492,20859186,5571,9995,6053,22444492,20859186,0,0,"","No"
"116",102094,2012,"105700",1057,1,5,2007,0.57568,0.483059,0.646237,0.760589,0.627332,0.500942,0.510708,0.682993,0.555381,0.613905,0.545141,0.600278,3898,2066,1289,543,2305,1593,2428,1470,2546,1352,1739,2159,1,2007,1,99,0.37,1,10289,1,1,1724,0.91,NA,1,"00105700","UNIVERSITY OF SOUTH ALABAMA",1,NA,NA,NA,NA,NA,NA,NA,NA,NA,NA,0,0,"","No"
"117",102094,2012,"105700",1057,1,5,2007,0.57568,0.483059,0.646237,0.760589,0.627332,0.500942,0.510708,0.682993,0.555381,0.613905,0.545141,0.600278,3898,2066,1289,543,2305,1593,2428,1470,2546,1352,1739,2159,1,2007,1,99,0.372,1,10289,1,1,1724,0.91,NA,1,"00105700","UNIVERSITY OF SOUTH ALABAMA",1,NA,NA,NA,NA,NA,NA,NA,NA,NA,NA,0,0,"","No"
"118",102094,2012,"105700",1057,1,5,2007,0.57568,0.483059,0.646237,0.760589,0.627332,0.500942,0.510708,0.682993,0.555381,0.613905,0.545141,0.600278,3898,2066,1289,543,2305,1593,2428,1470,2546,1352,1739,2159,1,2007,1,99,0.464,1,10289,1,1,1724,0.91,NA,1,"00105700","UNIVERSITY OF SOUTH ALABAMA",1,NA,NA,NA,NA,NA,NA,NA,NA,NA,NA,0,0,"","No"
"119",102234,2010,"00104100",1041,1,3,2007,0.645995,0.475862,0.728571,0.77451,0.733108,0.362637,0.540107,0.745,0.632231,0.668966,0.526786,0.694545,387,145,140,102,296,91,187,200,242,145,112,275,1,2005,1,99,0.645,1,1402,1,1,397,1,NA,1,"00104100","SPRING HILL COLLEGE",1,810,1594,861,3301587,3289329,810,1594,861,3301587,3289329,0,0,"","No"
"121",102234,2012,"104100",1041,1,5,2007,0.657568,0.432258,0.755396,0.853211,0.758958,0.333333,0.522613,0.789216,0.624506,0.713333,0.504202,0.721831,403,155,139,109,307,96,199,204,253,150,119,284,1,2007,1,99,0.588,1,1225,1,1,295,1,NA,1,"00104100","SPRING HILL COLLEGE",1,NA,NA,NA,NA,NA,NA,NA,NA,NA,NA,0,0,"","No"
"123",102261,2010,"02270400",22704,1,3,2007,0.643478,0.610169,-3,-3,0.651163,0.638889,0.597222,0.72093,0.619048,0.657534,0.637931,0.649123,115,59,45,11,43,72,72,43,42,73,58,57,1,2005,1,99,0.348,1,149,1,1,11,1,NA,1,"02270400","SOUTHEASTERN BIBLE COLLEGE",1,158,270,158,630822,614119,158,270,158,630822,614119,0,0,"","No"
"125",102261,2012,"2270400",22704,1,5,2007,0.677686,0.6,-3,-3,0.729167,0.643836,-3,-3,0.659091,0.688312,0.701754,0.65625,121,60,46,15,48,73,73,48,44,77,57,64,1,2007,1,99,NA,1,149,1,1,15,1,NA,1,"02270400","SOUTHEASTERN BIBLE COLLEGE",1,NA,NA,NA,NA,NA,NA,NA,NA,NA,NA,0,0,"","No"
"126",102261,2012,"2270400",22704,1,5,2007,0.677686,0.6,-3,-3,0.729167,0.643836,-3,-3,0.659091,0.688312,0.701754,0.65625,121,60,46,15,48,73,73,48,44,77,57,64,1,2007,1,99,0.3,1,149,1,1,15,1,NA,1,"02270400","SOUTHEASTERN BIBLE COLLEGE",1,NA,NA,NA,NA,NA,NA,NA,NA,NA,NA,0,0,"","No"
"128",102270,2010,"00104400",1044,1,3,2007,0.307071,0.29052,0.323077,0.394737,0.302108,0.338235,0.307317,0.305882,0.343891,0.277372,0.335,0.288136,495,327,130,38,427,68,410,85,221,274,200,295,1,2005,1,99,0.375,1,1201,1,1,288,0.97,NA,1,"00104400","STILLMAN COLLEGE",1,928,1866,928,3706632,3685506,928,1866,928,3706632,3685506,0,0,"","Yes"
"130",102270,2012,"104400",1044,1,5,2007,0.351648,0.34153,0.35,0.45,0.347458,0.378378,0.349558,0.361702,0.395161,0.315436,0.367713,0.340557,546,366,140,40,472,74,452,94,248,298,223,323,1,2007,1,99,0.4,1,940,1,1,270,1,NA,1,"00104400","STILLMAN COLLEGE",1,NA,NA,NA,NA,NA,NA,NA,NA,NA,NA,0,0,"","Yes"
"132",102298,2010,"00104600",1046,1,3,2007,0.228261,0.215827,-3,-3,0.207792,0.333333,-3,-3,0.219298,0.242857,0.169014,0.265487,184,139,33,12,154,30,161,23,114,70,71,113,1,2005,1,99,NA,1,553,1,1,177,0.84,NA,1,"00104600","TALLADEGA COLLEGE",1,567,1047,570,2300862,2282112,567,1047,570,2300862,2282112,0,0,"","Yes"
"134",102298,2012,"104600",1046,1,5,2007,0.284314,0.272109,-3,-3,0.270115,0.366667,-3,-3,0.293651,0.269231,0.2125,0.330645,204,147,46,11,174,30,177,27,126,78,80,124,1,2007,1,99,NA,1,542,1,1,416,0.98,NA,1,"00104600","TALLADEGA COLLEGE",1,NA,NA,NA,NA,NA,NA,NA,NA,NA,NA,0,0,"","Yes"
"136",102368,2010,"00104700",1047,1,3,2007,0.465634,0.393599,0.584299,0.728571,0.555057,0.421429,0.40581,0.633794,0.460378,0.477249,0.452316,0.478122,6067,4093,1554,420,2007,4060,4475,1592,4177,1890,2936,3131,1,2005,1,99,0.399,1,16606,1,1,1406,0.78,NA,1,"00104700","TROY UNIVERSITY",1,13848,31832,13853,55113472,51870272,13848,31832,13853,55113470,51870273,0,0,"","No"
"137",102368,2010,"00104700",1047,1,3,2007,0.465634,0.393599,0.584299,0.728571,0.555057,0.421429,0.40581,0.633794,0.460378,0.477249,0.452316,0.478122,6067,4093,1554,420,2007,4060,4475,1592,4177,1890,2936,3131,1,2005,1,99,0.037,1,16606,1,1,1406,0.78,NA,1,"00104700","TROY UNIVERSITY",1,13848,31832,13853,55113472,51870272,13848,31832,13853,55113470,51870273,0,0,"","No"
"138",102368,2010,"00104700",1047,1,3,2007,0.465634,0.393599,0.584299,0.728571,0.555057,0.421429,0.40581,0.633794,0.460378,0.477249,0.452316,0.478122,6067,4093,1554,420,2007,4060,4475,1592,4177,1890,2936,3131,1,2005,1,99,0.424,1,16606,1,1,1406,0.78,NA,1,"00104700","TROY UNIVERSITY",1,13848,31832,13853,55113472,51870272,13848,31832,13853,55113470,51870273,0,0,"","No"
"139",102368,2012,"104700",1047,1,5,2007,0.501538,0.434424,0.612038,0.739514,0.579982,0.461735,0.446628,0.660864,0.501659,0.501263,0.482836,0.51877,6500,4369,1678,453,2188,4312,4834,1666,4521,1979,3117,3383,1,2007,1,99,0.435,1,13261,1,1,1133,0.78,NA,1,"00104700","TROY UNIVERSITY",1,NA,NA,NA,NA,NA,NA,NA,NA,NA,NA,0,0,"","No"
"140",102368,2012,"104700",1047,1,5,2007,0.501538,0.434424,0.612038,0.739514,0.579982,0.461735,0.446628,0.660864,0.501659,0.501263,0.482836,0.51877,6500,4369,1678,453,2188,4312,4834,1666,4521,1979,3117,3383,1,2007,1,99,0.434,1,13261,1,1,1133,0.78,NA,1,"00104700","TROY UNIVERSITY",1,NA,NA,NA,NA,NA,NA,NA,NA,NA,NA,0,0,"","No"
"141",102368,2012,"104700",1047,1,5,2007,0.501538,0.434424,0.612038,0.739514,0.579982,0.461735,0.446628,0.660864,0.501659,0.501263,0.482836,0.51877,6500,4369,1678,453,2188,4312,4834,1666,4521,1979,3117,3383,1,2007,1,99,0.391,1,13261,1,1,1133,0.78,NA,1,"00104700","TROY UNIVERSITY",1,NA,NA,NA,NA,NA,NA,NA,NA,NA,NA,0,0,"","No"
"142",102377,2010,"00105000",1050,1,3,2007,0.480263,0.459245,0.47931,0.571429,0.479469,0.488095,0.463855,0.524194,0.527083,0.428241,0.490842,0.475743,912,503,290,119,828,84,664,248,480,432,273,639,1,2005,1,99,0,1,2525,1,1,689,0.98,NA,1,"00105000","TUSKEGEE UNIVERSITY",1,1865,3909,2068,7872473,7732171,1865,3909,2068,7872473,7732171,0,0,"","Yes"
"144",102377,2012,"105000",1050,1,5,2007,0.518411,0.480565,0.539157,0.626866,0.52452,0.457447,0.49734,0.575,0.564831,0.462687,0.515924,0.519499,1032,566,332,134,938,94,752,280,563,469,314,718,1,2007,1,99,0,1,2606,1,1,628,0.96,NA,1,"00105000","TUSKEGEE UNIVERSITY",1,NA,NA,NA,NA,NA,NA,NA,NA,NA,NA,0,0,"","Yes"
"146",251260,2010,"00104000",1040,1,3,2007,0.503057,0.40301,0.564103,0.732484,0.568685,0.40812,0.411017,0.652174,0.502183,0.504367,0.49353,0.511589,1145,598,390,157,677,468,708,437,687,458,541,604,1,2008,1,99,0.171,1,4347,1,1,810,0.8,NA,1,"00104000","SOUTHERN UNION STATE COMMUNITY COLLEGE",1,1041,2160,1163,3054534,2807220,1041,2160,1163,3054534,2807220,0,0,"","No"
"147",251260,2012,"104000",1040,1,5,2007,0.558751,0.463608,0.609223,0.786127,0.626556,0.459514,0.479026,0.682008,0.550964,0.570265,0.55,0.566719,1217,632,412,173,723,494,739,478,726,491,580,637,1,2010,1,99,0.158,1,4120,1,1,939,0.83,NA,1,"00104000","SOUTHERN UNION STATE COMMUNITY COLLEGE",1,NA,NA,NA,NA,NA,NA,NA,NA,NA,NA,0,0,"","No"
"148",366535,2010,"02605500",26055,1,3,2007,0.225369,0.208069,0.313901,0.575758,0.275591,0.211598,0.203799,0.403587,0.21942,0.255507,0.21455,0.240872,4131,3619,446,66,889,3242,3685,446,3450,681,2433,1698,1,2008,1,99,0.581,1,945,1,1,181,1,NA,1,"02605500","REMINGTON COLLEGE - MOBILE CAMPUS",1,3847,8788,4575,13203581,12687600,3847,8788,4575,13203581,12687600,0,0,"","No"
"149",366535,2012,"2605500",26055,1,5,2007,0.231898,0.216261,0.316514,0.529412,0.277095,0.219497,0.210809,0.410959,0.225527,0.263689,0.22619,0.239977,4157,3653,436,68,895,3262,3719,438,3463,694,2436,1721,1,2010,1,99,0.629,1,793,1,1,164,0.98,NA,1,"02605500","REMINGTON COLLEGE - MOBILE CAMPUS",1,NA,NA,NA,NA,NA,NA,NA,NA,NA,NA,0,0,"","No"
"150",371052,2010,"02341000",23410,1,3,2007,0.312575,0.297151,-3,-3,0.379464,0.288052,0.300654,0.442857,0.313208,0.3,0.300781,0.331269,835,737,-3,-3,224,611,765,70,795,40,512,323,1,2008,1,99,0.55,1,282,1,1,116,1,NA,1,"02341000","FORTIS COLLEGE",1,1850,5215,2267,6205118,5828249,1850,5215,2267,6205118,5828249,0,0,"","No"
"151",371052,2012,"2341000",23410,1,5,2007,0.305869,0.291188,-3,-3,0.359833,0.285935,0.292954,0.441558,0.306872,0.285714,0.314917,0.291545,886,783,-3,-3,239,647,809,77,844,42,543,343,1,2010,1,99,0.575,1,654,1,1,27,1,NA,1,"02341000","FORTIS COLLEGE",1,NA,NA,NA,NA,NA,NA,NA,NA,NA,NA,0,0,"","No"
"152",420307,2010,"03010600",30106,1,3,2007,0.232544,0.191005,0.387027,0.564202,0.333333,0.206559,0.188337,0.429975,0.21807,0.28321,0.224168,0.241379,6674,5492,925,257,1368,5306,5453,1221,5191,1483,3426,3248,1,2005,1,99,0.082,1,8325,1,1,691,0.99,NA,1,"03010600","VIRGINIA COLLEGE",1,23816,64981,28702,90553984,82746888,23816,64981,28702,90553981,82746887,0,0,"","No"
"153",420307,2010,"03010600",30106,1,3,2007,0.232544,0.191005,0.387027,0.564202,0.333333,0.206559,0.188337,0.429975,0.21807,0.28321,0.224168,0.241379,6674,5492,925,257,1368,5306,5453,1221,5191,1483,3426,3248,1,2005,1,99,NA,1,8325,1,1,691,0.99,NA,1,"03010600","VIRGINIA COLLEGE",1,23816,64981,28702,90553984,82746888,23816,64981,28702,90553981,82746887,0,0,"","No"
"154",420307,2010,"03010600",30106,1,3,2007,0.232544,0.191005,0.387027,0.564202,0.333333,0.206559,0.188337,0.429975,0.21807,0.28321,0.224168,0.241379,6674,5492,925,257,1368,5306,5453,1221,5191,1483,3426,3248,1,2005,1,99,0.091,1,8325,1,1,691,0.99,NA,1,"03010600","VIRGINIA COLLEGE",1,23816,64981,28702,90553984,82746888,23816,64981,28702,90553981,82746887,0,0,"","No"
"155",420307,2012,"3010600",30106,1,5,2007,0.25438,0.213031,0.409045,0.574007,0.357438,0.228049,0.210264,0.450726,0.238283,0.312621,0.241692,0.267602,7135,5863,995,277,1452,5683,5826,1309,5590,1545,3641,3494,1,2007,1,99,0.681,1,8062,1,1,786,0.97,NA,1,"03010600","VIRGINIA COLLEGE",1,NA,NA,NA,NA,NA,NA,NA,NA,NA,NA,0,0,"","No"
"156",420307,2012,"3010600",30106,1,5,2007,0.25438,0.213031,0.409045,0.574007,0.357438,0.228049,0.210264,0.450726,0.238283,0.312621,0.241692,0.267602,7135,5863,995,277,1452,5683,5826,1309,5590,1545,3641,3494,1,2007,1,99,0.316,1,8062,1,1,786,0.97,NA,1,"03010600","VIRGINIA COLLEGE",1,NA,NA,NA,NA,NA,NA,NA,NA,NA,NA,0,0,"","No"
"157",420307,2012,"3010600",30106,1,5,2007,0.25438,0.213031,0.409045,0.574007,0.357438,0.228049,0.210264,0.450726,0.238283,0.312621,0.241692,0.267602,7135,5863,995,277,1452,5683,5826,1309,5590,1545,3641,3494,1,2007,1,99,0.618,1,8062,1,1,786,0.97,NA,1,"03010600","VIRGINIA COLLEGE",1,NA,NA,NA,NA,NA,NA,NA,NA,NA,NA,0,0,"","No"
